kingdom,IUCNstatus,SpeciesAccepted
Animalia,LC,Alces alces
Animalia,LC,Alouatta seniculus
Animalia,NA,Americamysis bahia
Animalia,CR,Ara glaucogularis
Animalia,NA,Bos taurus primigenius
Animalia,CR,Brachyteles hypoxanthus
Animalia,LC,Canis lupus
Animalia,LC,Capra ibex
Animalia,VU,Cebus capucinus
Animalia,LC,Cervus canadensis
Animalia,LC,Chlorocebus aethiops
Animalia,LC,Dama dama
Animalia,LC,Dasypus novemcinctus
Animalia,NA,Diadema antillarum
Animalia,NT,Dipodomys spectabilis
Animalia,NT,Erythrocebus patas
Animalia,VU,Falco concolor
Animalia,VU,Giraffa camelopardalis
Animalia,LC,Globicephala macrorhynchus
Animalia,NA,Gorilla beringei beringei
Animalia,LC,Kobus ellipsiprymnus
Animalia,LC,Leptonychotes weddellii
Animalia,NT,Lutra lutra
Animalia,EN,Nipponia nippon
Animalia,LC,Odocoileus virginianus
Animalia,LC,Ovis canadensis
Animalia,VU,Physeter macrocephalus
Animalia,EN,Platalea minor
Animalia,LC,Puma concolor
Animalia,LC,Pygoscelis adeliae
Animalia,NA,Amietophrynus gutturalis
Animalia,VU,Sousa chinensis
Animalia,LC,Stercorarius longicaudus
Animalia,LC,Tamias striatus
Animalia,NT,Vireo atricapilla
Animalia,LC,Zalophus californianus
Animalia,EN,Alytes muletensis
Animalia,NA,Amphiascus tenuiremis
Animalia,CR,Beatragus hunteri
Animalia,LC,Connochaetes taurinus
Animalia,LC,Phoca vitulina
Animalia,LC,Rana temporaria
Animalia,LC,Ursus arctos
Animalia,EN,Acipenser fulvescens
Animalia,VU,Acipenser transmontanus
Animalia,LC,Ambloplites rupestris
Animalia,LC,Ammocrypta pellucida
Animalia,LC,Amphiprion percula
Animalia,CR,Astroblepus ubidiai
Animalia,VU,Brachyrhaphis rhabdophora
Animalia,LC,Catostomus catostomus
Animalia,NA,Catostomus commersoni
Animalia,LC,Catostomus platyrhynchus
Animalia,NA,Clinocottus analis
Animalia,LC,Clinocottus globiceps
Animalia,LC,Clinostomus elongatus
Animalia,LC,Clinostomus funduloides
Animalia,CR,Coregonus huntsmani
Animalia,CR,Coregonus reighardi
Animalia,VU,Coregonus zenithicus
Animalia,NA,Cottus bairdi
Animalia,LC,Cottus confusus
Animalia,NA,Cottus sp.
Animalia,CR,Cyprinodon diabolis
Animalia,LC,Cyprinus carpio
Animalia,VU,Epinephelus morio
Animalia,LC,Erimyzon sucetta
Animalia,LC,Esox lucius
Animalia,LC,Etheostoma flabellare
Animalia,NA,Gasterosteus sp.
Animalia,VU,Genypterus blacodes
Animalia,NT,Hybognathus argyritis
Animalia,LC,Hypseleotris klunzingeri
Animalia,LC,Lepisosteus oculatus
Animalia,LC,Maccullochella peelii
Animalia,LC,Macquaria ambigua
Animalia,LC,Macrhybopsis storeriana
Animalia,VU,Melanogrammus aeglefinus
Animalia,LC,Micropterus dolomieu
Animalia,LC,Morone saxatilis
Animalia,LC,Moxostoma duquesnii
Animalia,EN,Moxostoma hubbsi
Animalia,LC,Neogobius melanostomus
Animalia,LC,Nocomis leptocephalus
Animalia,LC,Notropis anogenus
Animalia,LC,Notropis percobromus
Animalia,LC,Notropis photogenis
Animalia,NT,Noturus stigmosus
Animalia,NA,Oligocottus maculosus
Animalia,NA,Oncorhynchus clarkii lewisi
Animalia,EN,Oncorhynchus gilae
Animalia,LC,Oncorhynchus kisutch
Animalia,LC,Oncorhynchus tshawytscha
Animalia,LC,Opsopoeodus emiliae
Animalia,LC,Oryzias latipes
Animalia,NA,Osmerus spectrum
Animalia,LC,Percina copelandi
Animalia,LC,Chrosomus oreas
Animalia,LC,Pimephales promelas
Animalia,LC,Poecilia reticulata
Animalia,LC,Pterois miles
Animalia,LC,Pterois volitans
Animalia,LC,Pylodictis olivaris
Animalia,LC,Retropinna semoni
Animalia,LC,Rhinichthys cataractae
Animalia,LC,Rhinichthys osculus
Animalia,LC,Rutilus rutilus
Animalia,LC,Salmo trutta
Animalia,VU,Salvelinus confluentus
Animalia,LC,Salvelinus fontinalis
Animalia,LC,Salvelinus malma
Animalia,LC,Sardina pilchardus
Animalia,LC,Sparisoma viride
Animalia,NA,Sprattus sprattus balticus
Animalia,LC,Stellifer illecebrosus
Animalia,LC,Tautogolabrus adspersus
Animalia,EN,Zingel asper
Animalia,NA,Zoarces viviparus
Animalia,NA,Plectus communis
Animalia,CR,Ambystoma mexicanum
Animalia,VU,Assa darlingtoni
Animalia,LC,Anaxyrus boreas
Animalia,NA,Cryptobranchus alleganiensis alleganiensis
Animalia,LC,Epidalea calamita
Animalia,CR,Geocrinia alba
Animalia,VU,Geocrinia vitellina
Animalia,LC,Rana aurora
Animalia,NA,Rana catesbeiana
Animalia,CR,Acropora cervicornis
Animalia,EN,Acropora downingi
Animalia,EN,Acropora hyacinthus
Animalia,VU,Agaricia agaricites
Animalia,NA,Alcyonium sp.
Animalia,LC,Cyphastrea microphthalma
Animalia,NA,Diploria strigosa
Animalia,NA,Dipsastrea pallida
Animalia,NA,Goniastrea aspera
Animalia,LC,Goniastrea favulus
Animalia,NA,Gorgonia ventalina
Animalia,CR,Helioseris cucullata
Animalia,NA,Leptogorgia virgulata
Animalia,NA,Montastraea annularis
Animalia,NA,Paramuricea clavata
Animalia,LC,Platygyra daedalea
Animalia,LC,Platygyra sinensis
Animalia,NA,Plexaura sp.
Animalia,EN,Pocillopora damicornis
Animalia,LC,Porites astreoides
Animalia,LC,Porites harrisoni
Animalia,NA,Platynathrus peltifer
Animalia,NA,Botrylloides violaceus
Animalia,NA,Botryllus schlosseri
Animalia,LC,Accipiter cooperii
Animalia,LC,Accipiter gentilis
Animalia,LC,Agelaius phoeniceus
Animalia,LC,Alcedo atthis
Animalia,CR,Amazona vittata
Animalia,LC,Ammodramus savannarum
Animalia,VU,Anarhynchus frontalis
Animalia,LC,Anas fulvigula
Animalia,CR,Anas laysanensis
Animalia,LC,Anas platyrhynchos
Animalia,LC,Anser anser
Animalia,NA,Chen caerulescens
Animalia,VU,Anthropoides paradiseus
Animalia,LC,Aquila fasciata
Animalia,LC,Aythya affinis
Animalia,LC,Bonasa umbellus
Animalia,LC,Bostrychia hagedash
Animalia,LC,Bubo virginianus
Animalia,LC,Buteo buteo
Animalia,LC,Buteo jamaicensis
Animalia,LC,Buteo lineatus
Animalia,NT,Buteo solitarius
Animalia,LC,Calidris temminckii
Animalia,VU,Calyptorhynchus lathami
Animalia,NA,Campylorhynchus brunneicapillus sandiegensis
Animalia,EN,Centrocercus minimus
Animalia,NT,Centrocercus urophasianus
Animalia,LC,Certhia americana
Animalia,LC,Ciconia ciconia
Animalia,LC,Cistothorus palustris
Animalia,LC,Coragyps atratus
Animalia,LC,Dendragapus obscurus
Animalia,NT,Setophaga cerulea
Animalia,VU,Diomedea exulans
Animalia,LC,Thalassarche melanophris
Animalia,NA,Dryocopus pileatus
Animalia,LC,Falco naumanni
Animalia,LC,Falco peregrinus
Animalia,LC,Forpus passerinus
Animalia,LC,Fulmarus glacialis
Animalia,LC,Gavia immer
Animalia,VU,Gyps coprotheres
Animalia,NT,Haematopus ostralegus
Animalia,LC,Haliaeetus albicilla
Animalia,CR,Himantopus novaezelandiae
Animalia,LC,Hirundo rustica
Animalia,LC,Jynx torquilla
Animalia,LC,Lagopus leucura
Animalia,LC,Lagopus muta
Animalia,NA,Lichenostomus melanops cassidix
Animalia,LC,Milvus migrans
Animalia,LC,Milvus milvus
Animalia,LC,Cyanistes caeruleus
Animalia,LC,Perisoreus canadensis
Animalia,LC,Pernis apivorus
Animalia,NA,Phalacrocorax auritus
Animalia,NT,Phoebastria immutabilis
Animalia,LC,Picoides arcticus
Animalia,NA,Picoides borealis
Animalia,LC,Poecile atricapillus
Animalia,CR,Puffinus auricularis
Animalia,NA,Puffinus tenuirostris
Animalia,NT,Somateria mollissima
Animalia,NA,Sternula antillarum browni
Animalia,LC,Sterna hirundo
Animalia,NT,Strix occidentalis
Animalia,LC,Sturnella neglecta
Animalia,LC,Turdus torquatus
Animalia,NT,Tympanuchus cupido
Animalia,LC,Upupa epops
Animalia,NT,Vermivora chrysoptera
Animalia,LC,Vireo latimeri
Animalia,LC,Zenaida macroura
Animalia,LC,Zonotrichia leucophrys
Animalia,NA,Adamussium colbecki
Animalia,NA,Arctica islandica
Animalia,NA,Crassostrea virginica
Animalia,NA,Gemma gemma
Animalia,NA,Geukensia demissa
Animalia,NA,Lasaea rubra
Animalia,NA,Lissarca miliaris
Animalia,NA,Lissarca notorcadensis
Animalia,NA,Mya arenaria
Animalia,NA,Mytilus californianus
Animalia,NA,Mytilus galloprovincialis
Animalia,NA,Nuttallia obscurata
Animalia,NA,Panopea generosa
Animalia,CR,Tridacna gigas
Animalia,NA,Yoldia notabilis
Animalia,NA,Daphnia magna
Animalia,NA,Daphnia pulex
Animalia,NA,Entosphenus macrostomus
Animalia,LC,Lampetra richardsoni
Animalia,LC,Petromyzon marinus
Animalia,NA,Eisenia fetida
Animalia,NA,Lumbricus terrestris
Animalia,NA,Amphimedon compressa
Animalia,NA,Spongia graminea
Animalia,NA,Xestospongia muta
Animalia,NA,Polydesmus angustus
Animalia,NA,Mesocentrotus franciscanus
Animalia,EN,Isurus oxyrinchus
Animalia,CR,Haliotis corrugata
Animalia,VU,Haliotis laevigata
Animalia,CR,Haliotis rufescens
Animalia,CR,Haliotis sorenseni
Animalia,NA,Cornu aspersa
Animalia,NT,Lepetodrilus fucensis
Animalia,NA,Physa heterostropha
Animalia,NA,Umbonium costatum
Animalia,NA,Watersipora subtorquata
Animalia,NA,Membranipora membranacea
Animalia,NA,Homo sapiens
Animalia,NA,Abax parallelepipedus
Animalia,NA,Acyrthosiphon pisum
Animalia,NA,Aedes albopictus
Animalia,NA,Proclossiana eunomia
Animalia,NA,Brevicoryne brassicae
Animalia,NA,Cephaloleia fenestrata
Animalia,NA,Colias alexandra
Animalia,NA,Lucanus miwai
Animalia,NA,Panstrongylus geniculatus
Animalia,NA,Scolytus ventralis
Animalia,NA,Tribolium sp.
Animalia,NA,Ampelisca abdita
Animalia,NA,Callinectes sapidus
Animalia,NA,Cardisoma guanhumi
Animalia,NA,Pagurus longicarpus
Animalia,NA,Palaemonetes pugio
Animalia,NA,Porcellio scaber
Animalia,VU,Acinonyx jubatus
Animalia,LC,Aepyceros melampus
Animalia,VU,Ailuropoda melanoleuca
Animalia,LC,Antechinus agilis
Animalia,LC,Arctocephalus australis
Animalia,VU,Callorhinus ursinus
Animalia,LC,Callospermophilus lateralis
Animalia,NA,Camelus dromedarius
Animalia,LC,Canis latrans
Animalia,NA,Capra hircus
Animalia,LC,Castor canadensis
Animalia,LC,Cercopithecus mitis
Animalia,LC,Cervus elaphus
Animalia,NA,Clethrionomys rufocanus
Animalia,NA,Clethrionomys sp.
Animalia,CR,Diceros bicornis
Animalia,LC,Didelphis aurita
Animalia,VU,Dugong dugon
Animalia,NT,Eidolon helvum
Animalia,EN,Elephas maximus
Animalia,EN,Enhydra lutris
Animalia,CR,Eubalaena glacialis
Animalia,NT,Eumetopias jubatus
Animalia,NA,Felis catus
Animalia,LC,Gulo gulo
Animalia,LC,Halichoerus grypus
Animalia,NT,Hemitragus jemlahicus
Animalia,EN,Hippocamelus bisulcus
Animalia,NA,Hystrix refossa
Animalia,NA,Lagothrix lagotricha
Animalia,LC,Lemmus lemmus
Animalia,LC,Leopardus pardalis
Animalia,LC,Lepus americanus
Animalia,LC,Lepus europaeus
Animalia,LC,Lontra canadensis
Animalia,EN,Loxodonta africana
Animalia,EN,Lycaon pictus
Animalia,LC,Lynx canadensis
Animalia,LC,Lynx rufus
Animalia,LC,Macaca mulatta
Animalia,NA,Macropus eugenii
Animalia,LC,Marmota flaviventris
Animalia,NA,Microtus oeconomus
Animalia,NA,Microtus sp.
Animalia,LC,Mirounga angustirostris
Animalia,LC,Mirounga leonina
Animalia,LC,Mus musculus
Animalia,LC,Mustela erminea
Animalia,VU,Onychogalea fraenata
Animalia,DD,Orcinus orca
Animalia,LC,Oreamnos americanus
Animalia,NA,Ovis aries
Animalia,NA,Pan troglodytes schweinfurthii
Animalia,VU,Panthera pardus
Animalia,LC,Papio cynocephalus
Animalia,LC,Peromyscus maniculatus
Animalia,VU,Petauroides volans
Animalia,NT,Petaurus australis
Animalia,LC,Phacochoerus aethiopicus
Animalia,VU,Phascolarctos cinereus
Animalia,EN,Phocarctos hookeri
Animalia,CR,Pongo abelii
Animalia,VU,Presbytis thomasi
Animalia,LC,Procyon lotor
Animalia,EN,Propithecus edwardsi
Animalia,CR,Propithecus verreauxi
Animalia,LC,Lycalopex culpaeus
Animalia,LC,Pseudocheirus peregrinus
Animalia,VU,Rangifer tarandus
Animalia,LC,Rattus fuscipes
Animalia,NA,Saguinus fuscicollis
Animalia,NA,Saguinus imperator
Animalia,NA,Sciurus niger cinereus
Animalia,LC,Sigmodon hispidus
Animalia,LC,Urocitellus armatus
Animalia,LC,Urocitellus beldingi
Animalia,LC,Urocitellus columbianus
Animalia,LC,Spermophilus dauricus
Animalia,LC,Sus scrofa
Animalia,LC,Tamiasciurus douglasii
Animalia,LC,Tamiasciurus hudsonicus
Animalia,VU,Trichechus manatus
Animalia,LC,Trichosurus caninus
Animalia,NT,Urocyon littoralis
Animalia,LC,Ursus americanus
Animalia,VU,Ursus maritimus
Animalia,LC,Vulpes vulpes
Animalia,NA,Ziphiidae sp.
Animalia,NA,Arctodiaptomus salinus
Animalia,NA,Lepeophtheirus salmonis
Animalia,NA,Oithona hebes
Animalia,NA,Capitella sp.
Animalia,NA,Nephtys incisa
Animalia,NA,Stratiodrilus aeglaphilus
Animalia,NA,Streblospio benedicti
Animalia,LC,Alligator mississippiensis
Animalia,LC,Apalone mutica
Animalia,LC,Apalone spinifera
Animalia,LC,Caiman crocodilus
Animalia,VU,Caretta caretta
Animalia,NA,Chelodina expansa
Animalia,EN,Chelonia mydas
Animalia,LC,Chelydra serpentina
Animalia,LC,Chrysemys picta
Animalia,EN,Clemmys guttata
Animalia,VU,Crocodylus acutus
Animalia,NA,Crocodylus johnsoni
Animalia,LC,Crocodylus niloticus
Animalia,LC,Cryptophis nigrescens
Animalia,LC,Drymarchon couperi
Animalia,NA,Emydura macquarii
Animalia,LC,Eulamprus tympanum
Animalia,CR,Gopherus agassizii
Animalia,VU,Hoplocephalus bungaroides
Animalia,LC,Kinosternon flavescens
Animalia,LC,Kinosternon integrum
Animalia,LC,Kinosternon subrubrum
Animalia,LC,Lacerta agilis
Animalia,VU,Malaclemys terrapin
Animalia,LC,Phrynosoma cornutum
Animalia,CR,Podocnemis lewyana
Animalia,LR/cd,Podocnemis expansa
Animalia,VU,Sceloporus arenicolus
Animalia,LC,Sceloporus grammicus
Animalia,NA,Sceloporus mucronatus mucronatus
Animalia,NT,Sceloporus woodi
Animalia,LC,Sternotherus odoratus
Animalia,LC,Trachemys scripta
Animalia,VU,Vipera aspis
Animalia,VU,Xenosaurus grandis
Animalia,EN,Xenosaurus platyceps
Animalia,NA,Xenosaurus sp.
Animalia,NA,Pelagia noctiluca
Animalia,NA,Caenorhabditis elegans
Animalia,NA,Borrelia burgdorferi
Animalia,NA,Thalia democratica
Animalia,NA,Lentivirus sp.
Animalia,CR,Chasmistes liorus
Animalia,LC,Zootoca vivipara
Animalia,NA,Homo sapiens sapiens
Animalia,EN,Orbicella annularis
Animalia,NA,Oncorhynchus Oncorhynchus clarkii
Animalia,NA,Otus Otus scops
Animalia,LC,Tachycineta bicolor
Animalia,LC,Haliaeetus leucocephalus
Animalia,LC,Lithobates areolatus
Animalia,LC,Theropithecus gelada
Plantae,LC,Abies balsamea
Plantae,VU,Agave vivipara
Plantae,NA,Allium vineale
Plantae,LC,Araucaria cunninghamii
Plantae,NA,Ascophyllum nodosum
Plantae,NA,Astragalus cottonii
Plantae,VU,Astragalus bibullatus
Plantae,LC,Betula pendula
Plantae,NA,Caladenia amonea
Plantae,NA,Caladenia argocalla
Plantae,NA,Caladenia clavigera
Plantae,NA,Caladenia elegans
Plantae,EN,Caladenia graniticola
Plantae,NA,Caladenia macroclavia
Plantae,NA,Caladenia oenochila
Plantae,NA,Caladenia rosella
Plantae,NA,Caladenia valida
Plantae,NA,Carex membranacea
Plantae,NA,Cassia nemophila
Plantae,NA,Chamaedorea radicalis
Plantae,NA,Cirsium pitcheri
Plantae,NA,Conradina glabra
Plantae,NA,Cryptantha flava
Plantae,CR,Cyrtandra dentata
Plantae,NA,Cystoseira zosteroides
Plantae,EN,Daphne rodriguezii
Plantae,NA,Dracocephalum austriacum
Plantae,NA,Echinacea angustifolia
Plantae,NA,Epipactis atrorubens
Plantae,NA,Eriophorum angustifolium subsp. triste
Plantae,NA,Eritrichium caucasicum
Plantae,NA,Erythronium japonicum
Plantae,NA,Frasera speciosa
Plantae,NA,Geranium sylvaticum
Plantae,NA,Geum reptans
Plantae,NT,Guaiacum sanctum
Plantae,NA,Heteropsis flexuosa
Plantae,NA,Heteropsis macrophylla
Plantae,NA,Heteropsis oblongifolia
Plantae,LC,Himatanthus drasticus
Plantae,NA,Hylocomium splendens
Plantae,NA,Jacobaea vulgaris
Plantae,NA,Knautia arvensis
Plantae,NA,Lactuca serriola
Plantae,NA,Lantana camara
Plantae,NA,Lepanthes rubripetala
Plantae,NA,Linnaea borealis
Plantae,LC,Miconia prasina
Plantae,LC,Mimulus guttatus
Plantae,LC,Paeonia officinalis
Plantae,NA,Panax quinquefolius
Plantae,NA,Psoralea esculenta
Plantae,LC,Pinus nigra
Plantae,NA,Primula farinosa
Plantae,NA,Prosartes lanuginosa
Plantae,NA,Raphanus raphanistrum
Plantae,NA,Rutidosis leptorrhynchoides
Plantae,NA,Silene spaldingii
Plantae,NA,Silene tatarica
Plantae,NA,Spathoglottis plicata
Plantae,NA,Trillium apetalon
Plantae,VU,Trillium persistens
Plantae,NA,Vella pseudocytisus subsp. paui
Plantae,NA,Vellozia sinconara
Plantae,CR,Zamia inermis
Plantae,NA,Alternanthera philoxeroides
Plantae,NA,Amaranthus retroflexus
Plantae,NA,Andropogon gerardii
Plantae,NA,Anthyllis vulneraria
Plantae,NA,Astragalus scaphoides
Plantae,NA,Aurinia saxatilis subsp. saxatilis
Plantae,VU,Bencomia exstipulata
Plantae,NA,Bromus tectorum
Plantae,NA,Broughtonia cubensis
Plantae,NA,Carduus nutans
Plantae,VU,Centaurea corymbosa
Plantae,NA,Centaurea stoebe
Plantae,NA,Cephalanthera longifolia
Plantae,NA,Cirsium vulgare
Plantae,NA,Cleistes bifaria
Plantae,LC,Cypripedium calceolus
Plantae,NA,Dendrophylax lindenii
Plantae,NA,Erophila verna
Plantae,LC,Echinochloa crus-galli
Plantae,NA,Erycina crista-galli
Plantae,NT,Eryngium alpinum
Plantae,NA,Euphorbia telephioides
Plantae,NA,Fabiana imbricata
Plantae,NA,Froelichia floridana
Plantae,LC,Garcinia lucida
Plantae,NA,Gentiana pneumonanthe
Plantae,NA,Kummerowia striata
Plantae,NA,Laminaria longicruris
Plantae,LC,Lathyrus vernus
Plantae,NA,Lepanthes acuminata
Plantae,NA,Lepanthes caritensis
Plantae,NA,Lespedeza juncea var. sericea
Plantae,NA,Ligularia sibirica
Plantae,NA,Viburnum furcatum
Plantae,LC,Melocactus bahiensis
Plantae,LC,Melocactus ernestii
Plantae,NA,Oncidium poikilostalix
Plantae,LC,Perilla frutescens
Plantae,LC,Pinus flexilis
Plantae,NA,Piriqueta cistoides subsp. caroliniana
Plantae,NA,Potentilla recta
Plantae,NA,Salix arctica
Plantae,NA,Sambucus sieboldiana
Plantae,NA,Scorzonera humilis
Plantae,NA,Serapias cordigera
Plantae,NA,Silene Ciliata
Plantae,NA,Telipogon helleri
Plantae,NA,Thlaspi perfoliatum
Plantae,LC,Trillium grandiflorum
Plantae,NT,Tsuga canadensis
Plantae,LC,Ulex gallii
Plantae,LC,Ulex minor
Plantae,NA,Verbascum thapsus
Plantae,NA,Verticordia fimbrilepis
Plantae,NA,Vincetoxicum nigrum
Plantae,NA,Vincetoxicum rossicum
Plantae,NA,Alaria nana
Plantae,NA,Ecklonia radiata
Plantae,NA,Fucus vesiculosus
Plantae,NA,Fucus serratus
Plantae,NA,Gelidium sesquipedale
Plantae,NA,Gracilaria gracilis
Plantae,NA,Iridaea splendens
Plantae,NA,Laminaria digitata
Plantae,NA,Macrocystis pyrifera
Plantae,NA,Pterygophora californica
Plantae,NA,Sargassum siliquosum
Plantae,NA,Abutilon theophrasti
Plantae,NA,Aeschynomene virginica
Plantae,LC,Schizachyrium brevifolium
Plantae,NA,Androsace elongata
Plantae,NA,Arenaria serpyllifolia
Plantae,NA,Brassica napus
Plantae,NA,Cerastium pumilum
Plantae,NA,Clarkia xantiana subsp. xantiana
Plantae,NA,Collinsia verna
Plantae,NA,Erigeron canadensis
Plantae,NA,Gilia tenuiflora subsp. hoffmannii
Plantae,NA,Holocarpha macradenia
Plantae,LC,Impatiens capensis
Plantae,NA,Malacothrix indecora
Plantae,NA,Melampyrum pratense
Plantae,NA,Murdannia nudiflora
Plantae,NA,Myosotis ramosissima
Plantae,NA,Oryza sativa
Plantae,NA,Polygonum perfoliatum
Plantae,NA,Rhinanthus minor
Plantae,NA,Salsola kali
Plantae,NA,Saxifraga tridactylites
Plantae,NA,Glottidium vesicarium
Plantae,NA,Setaria faberi
Plantae,NA,Veronica arvensis
Plantae,LC,Cucurbita pepo
Plantae,NA,Aspasia principissa
Plantae,NA,Catopsis compacta
Plantae,NA,Catopsis sessiliflora
Plantae,NA,Guarianthe aurantiaca
Plantae,NA,Jacquiniella leucomelana
Plantae,NA,Jacquiniella teretifolia
Plantae,NA,Lepanthes eltoroensis
Plantae,NA,Lycaste aromatica
Plantae,LC,Tillandsia brachycaulos
Plantae,NA,Tillandsia deppeana
Plantae,NA,Tillandsia flexuosa
Plantae,NA,Tillandsia juncea
Plantae,NA,Tillandsia multicaulis
Plantae,NA,Tillandsia punctulata
Plantae,NA,Tillandsia recurvata
Plantae,NA,Tillandsia violacea
Plantae,LC,Tolumnia variegata
Plantae,NA,Vulpicida pinastri
Plantae,NA,Vriesea sanguinolenta
Plantae,NA,Asplenium adulterinum
Plantae,NA,Asplenium cuneifolium
Plantae,NA,Asplenium scolopendrium
Plantae,NA,Botrychium mormo
Plantae,NA,Polystichum aculeatum
Plantae,NA,Polystichum setiferum
Plantae,LC,Achillea millefolium
Plantae,NA,Stipa calamagrostis
Plantae,NA,Aconitum noveboracense
Plantae,NA,Actaea elata
Plantae,NA,Actaea spicata
Plantae,VU,Adenocarpus gibbsianus
Plantae,NA,Adenophora lobophylla
Plantae,NA,Adenophora potaninii
Plantae,NA,Aechmea magdalenae
Plantae,NA,Aechmea nudicaulis
Plantae,NA,Agrimonia eupatoria
Plantae,NA,Agropyron cristatum
Plantae,NA,Alliaria petiolata
Plantae,NA,Allium monanthum
Plantae,NA,Allium sativum
Plantae,LC,Allium tricoccum
Plantae,NA,Anarrhinum fruticosum
Plantae,NA,Schizachyrium sanguineum
Plantae,NA,Vitaliana primuliflora
Plantae,NA,Anemone patens
Plantae,NA,Anthericum liliago
Plantae,NA,Anthericum ramosum
Plantae,NA,Anthoxanthum odoratum
Plantae,EN,Antirrhinum lopesianum
Plantae,EN,Antirrhinum subbaeticum
Plantae,NA,Aquilegia chrysantha
Plantae,NA,Aquilegia sp.
Plantae,NA,Boechera fecunda
Plantae,LC,Arctophila fulva
Plantae,NA,Arenaria grandiflora subsp. bolosii
Plantae,NA,Arisaema serratum
Plantae,NA,Arisaema triphyllum
Plantae,NA,Aristida bipartita
Plantae,NA,Armeria caespitosa
Plantae,NA,Armeria maritima
Plantae,NA,Armeria merinoi
Plantae,NA,Arnica angustifolia
Plantae,LC,Artemisia genipi
Plantae,NA,Asarum canadense
Plantae,NA,Asclepias meadii
Plantae,NA,Aster amellus
Plantae,EN,Aster pyrenaeus
Plantae,NA,Astragalus alopecurus
Plantae,NA,Astragalus cremnophylax var. cremnophylax
Plantae,NA,Astragalus michauxii
Plantae,NA,Astragalus peckii
Plantae,CR,Astragalus tremolsianus
Plantae,NA,Astragalus tyghensis
Plantae,NA,Stipa aristiglumis
Plantae,NA,Balduina angustifolia
Plantae,NA,Balsamorhiza sagittata
Plantae,NA,Boltonia decurrens
Plantae,NA,Dioscorea chouardii
Plantae,NA,Dioscorea pyrenaica
Plantae,NA,Bothriochloa insculpta
Plantae,NA,Bothriochloa ischaemum
Plantae,NA,Bouteloua rigidiseta
Plantae,NA,Brassica insularis
Plantae,NA,Braya fernaldii
Plantae,NA,Braya longii
Plantae,NA,Calamagrostis canescens
Plantae,NA,Calathea marantifolia
Plantae,NA,Calathea micans
Plantae,NA,Calathea ovandensis
Plantae,NA,Calochortus albus
Plantae,NA,Calochortus lyallii
Plantae,NA,Calochortus macrocarpus
Plantae,NA,Calochortus obispoensis
Plantae,NA,Calochortus pulchellus
Plantae,CR,Calochortus tiburonensis
Plantae,NA,Carex aquatilis var. minor
Plantae,NA,Carex bigelowii
Plantae,NA,Carex humilis
Plantae,NA,Carlina vulgaris
Plantae,NA,Carum carvi
Plantae,EN,Centaurea horrida
Plantae,NA,Centaurea jacea
Plantae,NA,Centaurea podospermifolia
Plantae,NA,Chaerophyllum aureum
Plantae,NA,Chamaecrista fasciculata
Plantae,NA,Chamaecrista lineata var. keyensis
Plantae,NA,Chamaelirium luteum
Plantae,CR,Cheirolophus metlesicsii
Plantae,NA,Actaea cordifolia
Plantae,NA,Cirsium acaule
Plantae,NA,Cirsium arvense
Plantae,NA,Cirsium dissectum
Plantae,NA,Cirsium palustre
Plantae,NA,Cirsium pannonicum
Plantae,NA,Cirsium perplexans
Plantae,NA,Cirsium scariosum
Plantae,NA,Cirsium undulatum
Plantae,NA,Cirsium tracyi
Plantae,NA,Cleistesiopsis bifaria
Plantae,NA,Cleistesiopsis divaricata
Plantae,NA,Cleome droserifolia
Plantae,NA,Clintonia borealis
Plantae,NA,Cochlearia bavarica
Plantae,NA,Cochlearia pyrenaica
Plantae,LC,Colchicum autumnale
Plantae,LC,Commelina benghalensis
Plantae,NA,Commelina bracteosa
Plantae,NA,Corallorhiza trifida
Plantae,NA,Cynoglossum officinale
Plantae,NA,Cynoglossum virginianum
Plantae,VU,Cypripedium fasciculatum
Plantae,EN,Cypripedium lentiginosum
Plantae,LC,Cypripedium parviflorum
Plantae,LC,Dactylorhiza lapponica
Plantae,NA,Danthonia sericea
Plantae,LC,Daucus carota
Plantae,NA,Dicentra canadensis
Plantae,NA,Dicerandra frutescens
Plantae,NA,Digitalis purpurea
Plantae,NA,Digitaria eriantha
Plantae,NA,Dipsacus fullonum
Plantae,NA,Disporum sessile
Plantae,NA,Disporum smilacinum
Plantae,EN,Dorycnium spectabile
Plantae,NA,Draba asterophora
Plantae,NA,Echinospartum ibericum subsp. algibicum
Plantae,NA,Echium vulgare
Plantae,LC,Epilobium latifolium
Plantae,NA,Erigeron kachinensis
Plantae,NA,Eriogonum longifolium var. gnaphalifolium
Plantae,EN,Erodium paularense
Plantae,NA,Eryngium cuneifolium
Plantae,NA,Eryngium maritimum
Plantae,LC,Eupatorium perfoliatum
Plantae,NA,Eupatorium resinosum
Plantae,NA,Festuca eskia
Plantae,NA,Festuca gracillima
Plantae,NA,Fragaria vesca
Plantae,NA,Fritillaria camschatcensis
Plantae,NA,Fritillaria biflora
Plantae,NA,Fritillaria meleagris
Plantae,NA,Oenothera coloradensis subsp. coloradensis
Plantae,NA,Gentianella campestris
Plantae,LC,Geum rivale
Plantae,NA,Pyrrocoma radiata
Plantae,NA,Stenaria nigricans
Plantae,NA,Helenium virginicum
Plantae,NA,Helianthemum polygonoides
Plantae,CR,Helianthemum teneriffae
Plantae,LC,Helianthus divaricatus
Plantae,NA,Heliconia acuminata
Plantae,NA,Heliconia metallica
Plantae,LC,Heracleum mantegazzianum
Plantae,NA,Herminium monorchis
Plantae,NA,Heteropogon contortus
Plantae,NA,Pilosella floribunda
Plantae,NA,Hilaria mutica
Plantae,NA,Himantoglossum hircinum
Plantae,NA,Horkelia congesta
Plantae,NA,Hudsonia montana
Plantae,VU,Hydrastis canadensis
Plantae,NA,Tetraneuris herbacea
Plantae,NA,Hyparrhenia diplandra
Plantae,NA,Hypericum cumulicola
Plantae,NA,Hypochaeris radicata
Plantae,NA,Ipomoea leptophylla
Plantae,NA,Ipomopsis aggregata
Plantae,NA,Ipomopsis tenuituba
Plantae,NA,Iris germanica
Plantae,NA,Iris hexagona
Plantae,NA,Isatis tinctoria
Plantae,CR,Jurinea fontqueri
Plantae,NA,Koeleria macrantha
Plantae,LC,Kosteletzkya pentacarpos
Plantae,NA,Kunkeliella subsucculenta
Plantae,NA,Lactuca virosa
Plantae,CR,Laserpitium longiradium
Plantae,NA,Lechea cernua
Plantae,NA,Lechea deckertii
Plantae,NA,Leontopodium nivale subsp. alpinum
Plantae,NA,Lepanthes rupestris
Plantae,NA,Lepidium davisii
Plantae,NA,Leptocoryphium lanatum
Plantae,NA,Lespedeza virginica
Plantae,NA,Physaria ovalifolia
Plantae,NA,Liatris scariosa
Plantae,LC,Limonium carolinianum
Plantae,NA,Limonium delicatulum
Plantae,NA,Limonium erectum
Plantae,NA,Limonium geronense
Plantae,NA,Limonium malacitanum
Plantae,NA,Linum catharticum
Plantae,NA,Linum flavum
Plantae,NA,Linum tenuifolium
Plantae,NA,Lithospermum ruderale
Plantae,NA,Lobelia boykinii
Plantae,NA,Lomatium bradshawii
Plantae,NA,Lomatium cookii
Plantae,NA,Lotus arinagensis
Plantae,NA,Lotus corniculatus
Plantae,NA,Lupinus lepidus
Plantae,NA,Lupinus tidestromii
Plantae,LC,Lythrum salicaria
Plantae,NA,Mimulus cardinalis
Plantae,LC,Mimulus lewisii
Plantae,NA,Minuartia obtusiloba
Plantae,NA,Miscanthus giganteus
Plantae,NA,Molinia caerulea
Plantae,LC,Murdannia simplex
Plantae,LC,Narcissus poeticus
Plantae,NA,Narcissus pseudonarcissus
Plantae,CR,Nardostachys jatamansi
Plantae,NA,Neotinea ustulata
Plantae,NA,Oenothera californica
Plantae,NA,Oenothera deltoides
Plantae,NA,Ophrys sphegodes
Plantae,NA,Orchis purpurea
Plantae,NA,Oxalis acetosella
Plantae,NA,Oxytropis jabalambrensis
Plantae,NA,Parolinia glabriuscula
Plantae,NA,Paronychia jamesii
Plantae,NA,Paronychia pulvinata
Plantae,EN,Pedicularis furbishiae
Plantae,LC,Periandra mediterranea
Plantae,NA,Petrocoptis pyrenaica subsp. pseudoviscosa
Plantae,LC,Phaseolus lunatus
Plantae,NA,Picris hieracioides
Plantae,NA,Pimpinella saxifraga
Plantae,NA,Pinguicula alpina
Plantae,NA,Pinguicula ionantha
Plantae,LC,Pinguicula villosa
Plantae,LC,Pinguicula vulgaris
Plantae,NA,Pityopsis aspera var. aspera
Plantae,NA,Plantago coronopus
Plantae,NA,Plantago media
Plantae,NA,Platanthera hookeri
Plantae,NA,Poa alpina
Plantae,LC,Podophyllum peltatum
Plantae,NA,Polemonium van-bruntiae
Plantae,NA,Polygonella basiramia
Plantae,NA,Polygonella robusta
Plantae,NA,Potentilla anserina
Plantae,NA,Primula elatior
Plantae,NA,Primula nutans
Plantae,NA,Primula veris
Plantae,NA,Primula vulgaris
Plantae,CR,Pseudomisopates rivas-martinezii
Plantae,NA,Psoralea tenuiflora
Plantae,NA,Pyxidanthera brevifolia
Plantae,LC,Ramonda myconi
Plantae,NA,Ranunculus acris
Plantae,NA,Ranunculus bulbosus
Plantae,LC,Ranunculus peltatus
Plantae,NA,Ranunculus repens
Plantae,NA,Ratibida columnifera
Plantae,NA,Rorippa palustris
Plantae,NA,Rubus praecox
Plantae,NA,Rubus saxatilis
Plantae,NA,Rubus ursinus
Plantae,NA,Rumex obtusifolius
Plantae,VU,Rumex rupestris
Plantae,LC,Ruppia maritima
Plantae,NA,Sanicula europaea
Plantae,NA,Santolina melidensis
Plantae,NA,Saponaria bellidifolia
Plantae,NA,Sarcocapnos baetica
Plantae,NA,Sarcocapnos enneaphylla
Plantae,NA,Sarcocapnos pulcherrima
Plantae,LR/nt,Sarracenia alata
Plantae,NA,Sarracenia purpurea
Plantae,NA,Saussurea medusa
Plantae,NA,Saxifraga aizoides
Plantae,NA,Saxifraga cotyledon
Plantae,NA,Scabiosa columbaria
Plantae,NA,Scorzonera hispanica
Plantae,NA,Setaria incrassata
Plantae,NA,Silene acaulis
Plantae,NA,Silene douglasii var. oraria
Plantae,NA,Silene regia
Plantae,NA,Solidago altissima
Plantae,NA,Solidago mollis
Plantae,NA,Sonchus pustulatus
Plantae,LC,Spartina alterniflora
Plantae,NA,Sphaeralcea coccinea
Plantae,NA,Sporobolus heterolepis
Plantae,NA,Succisa pratensis
Plantae,NA,Swallenia alexandrae
Plantae,NA,Syngonanthus nitens
Plantae,NA,Taraxacum erythrospermum
Plantae,NA,Taraxacum campylodes
Plantae,NA,Thelesperma megapotamicum
Plantae,NA,Themeda triandra
Plantae,LC,Thymus vulgaris
Plantae,NA,Tradescantia cerinthoides
Plantae,NA,Tradescantia brevifolia
Plantae,NA,Tradescantia fluminensis
Plantae,NA,Tradescantia zebrina
Plantae,NA,Tragopogon dubius
Plantae,NA,Tragopogon pratensis
Plantae,NA,Tragopogon orientalis
Plantae,NA,Trifolium dasyphyllum
Plantae,NA,Trifolium montanum
Plantae,LC,Trifolium parryi
Plantae,LC,Trifolium pratense
Plantae,VU,Trillium camschatcense
Plantae,LC,Trillium ovatum
Plantae,NA,Trollius europaeus
Plantae,LC,Trollius laxus
Plantae,NA,Verbascum fontqueri
Plantae,NA,Viola elatior
Plantae,NA,Viola sagittata var. ovata
Plantae,NA,Viola pumila
Plantae,NA,Viola persicifolia
Plantae,EN,Zea diploperennis
Plantae,NA,Alyxia stellata
Plantae,LC,Machaerium cuspidatum
Plantae,LC,Astrocaryum aculeatissimum
Plantae,LC,Astrocaryum mexicanum
Plantae,NA,Attalea humilis
Plantae,LC,Borassus aethiopum
Plantae,NA,Calamus nambariensis
Plantae,NA,Calamus rhabdocladus
Plantae,EN,Ceratozamia mirandae
Plantae,EN,Ceratozamia norstogii
Plantae,NA,Chamaedorea elegans
Plantae,NT,Coccothrinax readii
Plantae,NA,Daemonorops poilanei
Plantae,EN,Dioon caputoi
Plantae,NT,Dioon edule
Plantae,VU,Dioon merolae
Plantae,EN,Dioon sonorense
Plantae,EN,Dioon spinulosum
Plantae,LC,Encephalartos cycadifolius
Plantae,LC,Encephalartos villosus
Plantae,LC,Eremospatha macrocarpa
Plantae,LC,Euterpe edulis
Plantae,NA,Euterpe oleracea
Plantae,LC,Euterpe precatoria
Plantae,NA,Geonoma pohliana subsp. weddelliana
Plantae,LC,Geonoma deversa
Plantae,LC,Geonoma macrostachys
Plantae,LC,Geonoma orbignyana
Plantae,NA,Geonoma schottiana
Plantae,LC,Iriartea deltoidea
Plantae,LC,Laccosperma secundiflorum
Plantae,LC,Lepidocaryum tenue
Plantae,LC,Mauritia flexuosa
Plantae,VU,Dypsis decaryi
Plantae,LR/cd,Phytelephas seemannii
Plantae,LC,Podococcus barteri
Plantae,VU,Pseudophoenix sargentii
Plantae,LC,Ptychosperma macarthurii
Plantae,LR/cd,Rhopalostylis sapida
Plantae,LC,Sabal minor
Plantae,LC,Sabal yapa
Plantae,LC,Thrinax radiata
Plantae,NA,Zamia amblyphyllidia
Plantae,LC,Acacia aneura
Plantae,NA,Acacia bilimekii
Plantae,NA,Acacia suaveolens
Plantae,LC,Acacia victoriae
Plantae,NA,Adesmia volckmannii
Plantae,NA,Ambrosia dumosa
Plantae,LC,Ardisia elliptica
Plantae,LC,Ardisia escallonioides
Plantae,EN,Argyroxiphium sandwicense
Plantae,NA,Atriplex acanthocarpa
Plantae,NA,Atriplex canescens
Plantae,NA,Atriplex vesicaria
Plantae,LC,Banksia ericifolia
Plantae,LC,Betula nana
Plantae,NA,Calluna vulgaris
Plantae,NA,Clidemia hirta
Plantae,LC,Cornus florida
Plantae,NA,Cytisus scoparius
Plantae,NA,Dodonaea viscosa subsp. angustifolia
Plantae,NA,Eremophila forrestii
Plantae,NA,Eremophila maitlandii
Plantae,NA,Eremosparton songoricum
Plantae,NA,Erica ciliaris
Plantae,NA,Fumana procumbens
Plantae,NA,Gardenia actinocarpa
Plantae,NA,Helianthemum juliae
Plantae,LC,Hydrangea paniculata
Plantae,NA,Leucopogon setiger
Plantae,LC,Lindera benzoin
Plantae,NA,Lindera umbellata
Plantae,NA,Lonicera maackii
Plantae,NA,Lupinus arboreus
Plantae,LC,Magnolia salicifolia
Plantae,LC,Miconia albicans
Plantae,NA,Mulinum spinosum
Plantae,NA,Olearia flocktoniae
Plantae,NA,Paliurus ramosissimus
Plantae,CR,Persoonia bargoensis
Plantae,EN,Persoonia glaucescens
Plantae,LC,Persoonia lanceolata
Plantae,LC,Persoonia mollis
Plantae,NA,Petrophile pulchella
Plantae,NA,Purshia subintegra
Plantae,LC,Rhododendron maximum
Plantae,NA,Rhus aromatica
Plantae,NA,Rosa canina
Plantae,NA,Rosa multiflora
Plantae,NA,Rosmarinus tomentosus
Plantae,NA,Rourea induta
Plantae,VU,Rytigynia kigeziensis
Plantae,NA,Senecio filaginoides
Plantae,NA,Stachyurus macrocarpus
Plantae,NA,Tetramolopium arenarium
Plantae,NA,Verticordia staminosa
Plantae,LC,Agave marmorata
Plantae,VU,Agave potatorum
Plantae,LC,Ariocarpus fissuratus
Plantae,EN,Ariocarpus scaphirostris
Plantae,VU,Astrophytum asterias
Plantae,LC,Astrophytum capricorne
Plantae,LC,Astrophytum myriostigma
Plantae,VU,Astrophytum ornatum
Plantae,LC,Carnegiea gigantea
Plantae,EN,Cephalocereus senilis
Plantae,VU,Escobaria robbinsorum
Plantae,LC,Coryphantha werdermannii
Plantae,NA,Echeveria longissima
Plantae,NT,Echinocactus platyacanthus
Plantae,LC,Escontria chiotilla
Plantae,NA,Coespeletia spicata
Plantae,NA,Coespeletia timotensis
Plantae,NA,Euphorbia fontqueriana
Plantae,LC,Furcraea parmentieri
Plantae,NA,Harrisia fragrans
Plantae,VU,Lophophora diffusa
Plantae,EN,Mammillaria crucigera
Plantae,LC,Mammillaria dixanthocentron
Plantae,NA,Mammillaria gaumeri
Plantae,EN,Mammillaria hernandezii
Plantae,LC,Mammillaria huitzilopochtli
Plantae,LC,Mammillaria magnimamma
Plantae,LC,Mammillaria mystax
Plantae,NT,Mammillaria napina
Plantae,EN,Mammillaria pectinifera
Plantae,NA,Mammillaria solisioides
Plantae,EN,Mammillaria supertexta
Plantae,NA,Pseudomitrocereus fulviceps
Plantae,LC,Neobuxbaumia macrocephala
Plantae,LC,Neobuxbaumia mezcalaensis
Plantae,VU,Neobuxbaumia polylopha
Plantae,LC,Neobuxbaumia tetetzo
Plantae,LC,Opuntia macrocentra
Plantae,LC,Opuntia macrorhiza
Plantae,LC,Opuntia microdasys
Plantae,NA,Opuntia rastrera
Plantae,LC,Pachycereus pecten-aboriginum
Plantae,NT,Pediocactus bradyi
Plantae,NA,Pterocereus gaumeri
Plantae,DD,Stenocactus crispatus
Plantae,LC,Stenocereus eruca
Plantae,LC,Abies concolor
Plantae,NT,Abies homolepis
Plantae,LC,Abies magnifica
Plantae,LC,Abies sachalinensis
Plantae,NA,Quercus mongolica subsp. crispula
Plantae,NA,Acacia pennatula
Plantae,LC,Acer palmatum
Plantae,LC,Acer pictum
Plantae,LC,Acer rufinerve
Plantae,LC,Acer saccharum
Plantae,LC,Actinostemon concolor
Plantae,LC,Aesculus turbinata
Plantae,LC,Ailanthus altissima
Plantae,NA,Alnus incana subsp. rugosa
Plantae,VU,Anisoptera laevis
Plantae,EN,Carya sinensis
Plantae,CR,Aquilaria crassna
Plantae,CR,Aquilaria malaccensis
Plantae,EN,Aquilaria microcarpa
Plantae,EN,Araucaria araucana
Plantae,NT,Araucaria hunsteinii
Plantae,NT,Araucaria laubenfelsii
Plantae,EN,Araucaria muelleri
Plantae,LC,Avicennia germinans
Plantae,LC,Avicennia marina
Plantae,VU,Bertholletia excelsa
Plantae,DD,Betula pubescens var. pumila
Plantae,NA,Boswellia papyrifera
Plantae,LC,Brosimum alicastrum
Plantae,LC,Bursera glabrifolia
Plantae,LC,Callitris columellaris
Plantae,LC,Calycophyllum spruceanum
Plantae,LC,Calocedrus decurrens
Plantae,NT,Calocedrus macrolepis
Plantae,LC,Carapa guianensis
Plantae,CR,Castanea dentata
Plantae,LC,Cecropia obtusifolia
Plantae,VU,Cedrela odorata
Plantae,DD,Chlorocardium rodiei
Plantae,LC,Dacrydium elatum
Plantae,NA,Dendropanax trifidus
Plantae,LC,Dicorynia guianensis
Plantae,NT,Dicymbe altsonii
Plantae,VU,Dracaena cinnabari
Plantae,LC,Duguetia neglecta
Plantae,VU,Entandrophragma cylindricum
Plantae,LC,Eperua falcata
Plantae,LC,Fagus crenata
Plantae,LC,Fagus grandifolia
Plantae,LC,Fagus sylvatica
Plantae,NA,Grias peruviana
Plantae,NA,Guettarda viburnoides
Plantae,LC,Juniperus procera
Plantae,VU,Khaya senegalensis
Plantae,LC,Licania heteromorpha
Plantae,NA,Mezilaurus mahuba
Plantae,NA,Magnolia macrophylla var. dealbata
Plantae,LC,Magnolia fordiana
Plantae,LC,Manilkara zapota
Plantae,LC,Melaleuca viridiflora
Plantae,EN,Microberlinia bisulcata
Plantae,NT,Mora paraensis
Plantae,LC,Myrsine guianensis
Plantae,LC,Nothofagus fusca
Plantae,NA,Ocotea usambarensis
Plantae,LC,Oxandra asbeckii
Plantae,EN,Parashorea chinensis
Plantae,LC,Parkinsonia aculeata
Plantae,LC,Pentaclethra macroloba
Plantae,LC,Phyllanthus emblica
Plantae,VU,Phyllanthus indofischeri
Plantae,LC,Picea glehnii
Plantae,LC,Picea jezoensis
Plantae,EN,Pinus albicaulis
Plantae,LC,Pinus jeffreyi
Plantae,NT,Pinus fenzeliana
Plantae,LC,Pinus lambertiana
Plantae,EN,Pinus maximartinezii
Plantae,EN,Pinus palustris
Plantae,LC,Pinus ponderosa
Plantae,LC,Pinus strobus
Plantae,EN,Pinus radiata
Plantae,LC,Pinus sylvestris
Plantae,LC,Platymiscium filipes
Plantae,LC,Prioria copaifera
Plantae,NA,Prosopis flexuosa
Plantae,NA,Prosopis glandulosa
Plantae,NA,Prosopis laevigata
Plantae,VU,Prunus africana
Plantae,LC,Prunus serotina
Plantae,LC,Psidium guajava
Plantae,LC,Pterocarpus angolensis
Plantae,LC,Pterocarya rhoifolia
Plantae,LC,Quercus rugosa
Plantae,LC,Rhizophora mangle
Plantae,NA,Rhododendron ponticum
Plantae,LC,Roupala montana
Plantae,NA,Sapium sebiferum
Plantae,LC,Scaphium macropodum
Plantae,LC,Sclerocarya birrea
Plantae,EN,Sequoia sempervirens
Plantae,LC,Shorea acuminata
Plantae,EN,Shorea bracteolata
Plantae,NT,Shorea leprosula
Plantae,NT,Shorea maxwelliana
Plantae,LC,Shorea ovalis
Plantae,LC,Stryphnodendron microstachyum
Plantae,LC,Styrax obassis
Plantae,EN,Swietenia macrophylla
Plantae,LC,Syzygium jambos
Plantae,NA,Tachigali vasquezii
Plantae,NT,Taxus brevifolia
Plantae,CR,Taxus floridana
Plantae,LC,Tetraberlinia bifoliolata
Plantae,CR,Torreya taxifolia
Plantae,VU,Vatica mangachapoi
Plantae,LC,Virola surinamensis
Plantae,LC,Vochysia ferruginea
Plantae,CR,Vouacapoua americana
Plantae,LC,Ziziphus jujuba
Plantae,LC,Rhizophora mucronata
Plantae,NA,Bruguiera gymnorrhiza
Plantae,LC,Eucalyptus tetrodonta
Plantae,LC,Eucalyptus miniata
Plantae,LC,Corymbia porrecta
Plantae,LC,Oeceoclades maculata
Plantae,NA,Cerastium fontanum
Plantae,NA,Brassavola cucullata
Plantae,LC,Alseis blackiana
Plantae,LC,Beilschmiedia tovarensis
Plantae,LC,Chrysophyllum argenteum
Plantae,LC,Cordia bicolor
Plantae,LC,Cordia lasiocalyx
Plantae,LC,Drypetes standleyi
Plantae,NA,Eugenia coloradoensis
Plantae,LC,Eugenia oerstediana
Plantae,NA,Garcinia recondita
Plantae,LC,Guarea guidonia
Plantae,LC,Guatteria lucens
Plantae,LC,Heisteria concinna
Plantae,LC,Hirtella triandra
Plantae,LC,Inga marginata
Plantae,LC,Lonchocarpus heptaphyllus
Plantae,LC,Maquira guianensis
Plantae,LC,Miconia argentea
Plantae,LC,Ocotea whitei
Plantae,LC,Poulsenia armata
Plantae,LC,Pouteria reticulata
Plantae,LC,Protium tenuifolium
Plantae,LC,Quararibea asterolepis
Plantae,LC,Simarouba amara
Plantae,LC,Swartzia simplex
Plantae,LC,Tabernaemontana arborea
Plantae,NA,Tetragastris panamensis
Plantae,LC,Trichilia tuberculata
Plantae,LC,Unonopsis pittieri
Plantae,LC,Virola sebifera